Metric,Value
RMSE,0.36069010229895604
MAE,0.10980566904163352
R2,0.9653292462596257
