Metric,Value
RMSE,0.1888018775606943
MAE,0.0824028445747559
R2,0.9863706810837084
